[
    {
      "name": "Robotics Team",
      "category": "Extracurricular",
      "collegeImpact": 5,
      "description": "Design, build, and program robots for competitions like FIRST Robotics.",
      "difficulty": 4,
      "interests": "STEM",
      "tags": ["STEM", "Engineering", "Programming"],
      "timeCommitment": "Very High",
      "image": "https://yt3.googleusercontent.com/KKg6rENwK37pvDMU8gJ9nS_m6laRSXrYja4YOpeWupJunNLhHJbioZT8Wrc064Px_e6OEaFYKg=s900-c-k-c0x00ffffff-no-rj"
    },
    {
      "name": "Research Project: Biodegradable Materials",
      "category": "Passion Project",
      "collegeImpact": 5,
      "description": "Research and develop environmentally friendly materials for everyday products.",
      "difficulty": 4,
      "interests": "STEM",
      "tags": ["STEM", "Environmental", "Research"],
      "timeCommitment": "Medium",
      "image": "https://media.springernature.com/lw685/springer-static/image/art%3A10.1038%2Fs41529-022-00277-7/MediaObjects/41529_2022_277_Fig7_HTML.png?as=webp"
    },
    {
      "name": "Digital Media Magazine",
      "category": "Passion Project",
      "collegeImpact": 4,
      "description": "Create an online magazine showcasing student artwork, photography, and creative writing.",
      "difficulty": 3,
      "interests": "Arts",
      "tags": ["Arts", "Digital", "Leadership"],
      "timeCommitment": "Medium",
      "image": "https://italfarad.com/wp-content/uploads/2024/12/Top-Magazines-That-Thrive-in-the-Digital-Social-Media-Era.jpg"
    },
    {
      "name": "Model United Nations",
      "category": "Extracurricular",
      "collegeImpact": 4,
      "description": "Simulate UN committees to debate global issues and develop diplomatic skills.",
      "difficulty": 4,
      "interests": "Humanities",
      "tags": ["Humanities", "Politics", "Public Speaking"],
      "timeCommitment": "Medium",
      "image": "https://i.ytimg.com/vi/tiV5v2c6T6Q/hq720.jpg?sqp=-oaymwEXCK4FEIIDSFryq4qpAwkIARUAAIhCGAE=&rs=AOn4CLATDvmZIqkTev-UKz_7Q_1BX9T7eQ"
    },
    {
      "name": "Local History Documentary",
      "category": "Passion Project",
      "collegeImpact": 4,
      "description": "Research and create a documentary about the history of your community.",
      "difficulty": 3,
      "interests": "Humanities",
      "tags": ["Humanities", "History", "Filmmaking"],
      "timeCommitment": "Medium",
      "image": "https://wpcdn.us-east-1.vip.tn-cloud.net/www.abc6.com/content/uploads/2022/05/p/k/646b1f9bddb6307708cc87aa7caba59797f4dc1a-1024x576.jpg"
    },
    {
      "name": "DECA Competition",
      "category": "Extracurricular",
      "collegeImpact": 4,
      "description": "Compete in business simulations and case studies in various business fields.",
      "difficulty": 3,
      "interests": "Business",
      "tags": ["Business", "Competition", "Entrepreneurship"],
      "timeCommitment": "Medium",
      "image": "https://cdn.prod.website-files.com/600faaecb03ce57f6fa98050/616f513c5252ca722abb4947_DECA_042418-371.jpg"
    },
    {
      "name": "Start a Small Business",
      "category": "Passion Project",
      "collegeImpact": 5,
      "description": "Launch your own small business or online store while in high school.",
      "difficulty": 5,
      "interests": "Business",
      "tags": ["Business", "Entrepreneurship", "Leadership"],
      "timeCommitment": "High",
      "image": "https://stephenlnelson.com/wp-content/uploads/2015/04/small-business-strategy.jpg"
    },
    {
      "name": "Hackathon Participation",
      "category": "Extracurricular",
      "collegeImpact": 4,
      "description": "Join 24-48 hour coding competitions to build innovative software and hardware projects.",
      "difficulty": 4,
      "interests": "Technology",
      "tags": ["Technology", "Programming", "Innovation"],
      "timeCommitment": "Low",
      "image": "https://media.licdn.com/dms/image/v2/D5612AQEnnWDEXK2kXA/article-cover_image-shrink_600_2000/article-cover_image-shrink_600_2000/0/1706859895509?e=2147483647&v=beta&t=qDakUMiRejFcZNSd6LEh4TxnHzlbjGtxrq_VaCMvtxg"
    },
    {
      "name": "Develop a Mobile App",
      "category": "Passion Project",
      "collegeImpact": 5,
      "description": "Create a mobile application that solves a problem in your school or community.",
      "difficulty": 5,
      "interests": "Technology",
      "tags": ["Technology", "Programming", "Innovation"],
      "timeCommitment": "High",
      "image": "https://buildfire.com/wp-content/uploads/2024/10/1.3-scaled.jpg"
    },
    {
      "name": "Organize a Charity Fundraiser",
      "category": "Passion Project",
      "collegeImpact": 4,
      "description": "Plan and execute a fundraising event for a cause you care about.",
      "difficulty": 3,
      "interests": "Community Service",
      "tags": ["Community Service", "Leadership", "Event Planning"],
      "timeCommitment": "Medium",
      "image": "https://www.letsroam.com/explorer/wp-content/uploads/sites/10/2021/09/Planning-a-Charity-Event.jpg"
    },
    {
      "name": "Tutoring Program",
      "category": "Passion Project",
      "collegeImpact": 4,
      "description": "Start a tutoring initiative for underprivileged students in your community.",
      "difficulty": 3,
      "interests": "Community Service",
      "tags": ["Community Service", "Education", "Leadership"],
      "timeCommitment": "Medium",
      "image": "https://www.pace.edu/sites/default/files/styles/16_9_1600x900/public/2022-07/education-why-soe-accreditation-hero.jpg?h=854a7be2&itok=JqmLvo1n"
    },
    {
      "name": "Start a School Club",
      "category": "Passion Project",
      "collegeImpact": 4,
      "description": "Found and lead a new club based on your interests or addressing a school need.",
      "difficulty": 3,
      "interests": "Leadership",
      "tags": ["Leadership", "Organization", "Initiative"],
      "timeCommitment": "Medium",
      "image": "https://www.wikihow.com/images/thumb/2/2e/Start-a-School-Club-Step-7-Version-4.jpg/v4-460px-Start-a-School-Club-Step-7-Version-4.jpg"
    },
    {
      "name": "Science Fair Project",
      "category": "Extracurricular",
      "collegeImpact": 4,
      "description": "Conduct original research and present findings at local, regional, or national science fairs.",
      "difficulty": 4,
      "interests": "Research",
      "tags": ["Research", "STEM", "Presentation"],
      "timeCommitment": "Medium",
      "image": "https://www.societyforscience.org/wp-content/uploads/2024/11/240512_ProjectSetup_0338_960_KR.jpg"
    },
    {
      "name": "University Research Internship",
      "category": "Extracurricular",
      "collegeImpact": 5,
      "description": "Work alongside professors on current research projects at a local university.",
      "difficulty": 5,
      "interests": "Research",
      "tags": ["Research", "Academia", "Professional"],
      "timeCommitment": "High",
      "image": "https://eso.stanford.edu/sites/g/files/sbiybj18016/files/styles/breakpoint_2xl_2x/public/media/image/IMG_3138.jpg?itok=_ftPLF4c"
    },
    {
      "name": "Independent Research Project",
      "category": "Passion Project",
      "collegeImpact": 5,
      "description": "Design and conduct your own research study on a topic you are passionate about.",
      "difficulty": 5,
      "interests": "Research",
      "tags": ["Research", "Independence", "Scholarly"],
      "timeCommitment": "High",
      "image": "https://images.surferseo.art/264e4ac8-74ab-446b-a923-0f8498a00748.webp"
    },
    {
      "name": "DIY Arduino Weather Station",
      "category": "Passion Project",
      "collegeImpact": 5,
      "description": "Build a weather-monitoring system using Arduino and report trends online.",
      "difficulty": 4,
      "interests": "STEM",
      "tags": ["STEM", "Technology", "Data Analysis"],
      "timeCommitment": "Medium",
      "image": "https://projects.arduinocontent.cc/5d4ddea4-38b2-42e9-92f0-6b4f12da5e3c.JPG"
    },
    {
      "name": "Children's STEM Book Project",
      "category": "Passion Project",
      "collegeImpact": 4,
      "description": "Illustrate and publish a children's book teaching STEM concepts.",
      "difficulty": 3,
      "interests": "Arts",
      "tags": ["Arts", "STEM", "Education"],
      "timeCommitment": "Medium",
      "image": "https://spcdn.shortpixel.ai/spio/ret_img,q_orig,to_webp,s_webp/teachoutsidethebox.com/wp-content/uploads/2018/01/Slide4.jpg"
    },
    {
      "name": "Speech & Debate",
      "category": "Extracurricular",
      "collegeImpact": 3,
      "description": "Compete in a speech and debate team, focusing on current events.",
      "difficulty": 4,
      "interests": "Humanities",
      "tags": ["Humanities", "Law", "Communication"],
      "timeCommitment": "High",
      "image": "https://www.speechanddebate.org/wp-content/uploads/DSC_3669-1-300x157.jpg"
    },
    {
      "name": "Oral History Archive",
      "category": "Passion Project",
      "collegeImpact": 4,
      "description": "Interview immigrant families and create a digital archive of their stories.",
      "difficulty": 4,
      "interests": "Humanities",
      "tags": ["Humanities", "Law", "Culture"],
      "timeCommitment": "Medium",
      "image": "https://library.columbia.edu/content/libraryweb/libraries/ccoh/_jcr_content/layout_par_main_1/textimage_v2/image.img.jpg/1685986017597.jpg"
    },
    {
      "name": "Youth Investing Club",
      "category": "Extracurricular",
      "collegeImpact": 3,
      "description": "Start a youth investing club and hold weekly mock stock trading sessions.",
      "difficulty": 3,
      "interests": "Business",
      "tags": ["Business", "Finance", "Leadership"],
      "timeCommitment": "Medium",
      "image": "https://yis.org/wp-content/uploads/2015/12/YIS-Night-Group-2.jpg"
    },
    {
      "name": "Teen Finance App",
      "category": "Passion Project",
      "collegeImpact": 5,
      "description": "Develop a budgeting app tailored for teens and first-time earners.",
      "difficulty": 4,
      "interests": "Business",
      "tags": ["Business", "Technology", "Entrepreneurship"],
      "timeCommitment": "High",
      "image": "https://static.wixstatic.com/media/b4ca1b_8a5760db5a684e8fb23d4f89867ba533~mv2.png/v1/fill/w_1640,h_856,al_c/b4ca1b_8a5760db5a684e8fb23d4f89867ba533~mv2.png"
    },
    {
      "name": "Model Congress",
      "category": "Extracurricular",
      "collegeImpact": 3,
      "description": "Participate in a Model Congress event to draft and debate policy proposals.",
      "difficulty": 3,
      "interests": "Law",
      "tags": ["Law", "Debate", "Policy"],
      "timeCommitment": "Medium",
      "image": "https://bestdelegate.com/model-congress/congress/"
    },
    {
      "name": "We The People Team",
      "category": "Extracurricular",
      "collegeImpact": 3,
      "description": "Join a competitive civics team to analyze constitutional law cases.",
      "difficulty": 4,
      "interests": "Law",
      "tags": ["Law", "Humanities", "Public Speaking"],
      "timeCommitment": "Medium",
      "image": "https://civiced.org/images/2024/04/25/header_2024nationalfinals_wrapup_01.png"
    },
    {
      "name": "Teen Voices Podcast",
      "category": "Passion Project",
      "collegeImpact": 4,
      "description": "Start a local podcast discussing teen mental health and social change.",
      "difficulty": 4,
      "interests": "Social Sciences",
      "tags": ["Social Sciences", "Community Service", "Leadership"],
      "timeCommitment": "Medium",
      "image": "https://i.scdn.co/image/ab6765630000ba8a556733d06ff38e5dfbbac799"
    },
    {
      "name": "Multilingual News Blog",
      "category": "Passion Project",
      "collegeImpact": 4,
      "description": "Create and maintain a bilingual blog on current world events for teens.",
      "difficulty": 3,
      "interests": "Languages",
      "tags": ["Languages", "Humanities", "Technology"],
      "timeCommitment": "Medium",
      "image": "https://blogger.googleusercontent.com/img/b/R29vZ2xl/AVvXsEh18ZxQOnIAsDh0dWbL5i-b9ST9HU-nWYrrVVDXwGgXQnz2Wxg-WS2Tyjac7t5yhuhHZBwPWNVeV40y6a4VsZpIPJXP-A42apCdIyXVUm2Jpy1ixG7AfpgI575yNXcFjLaF4EcsJoeE9eUQ/s1600/global+voices.png"
    },
    {
      "name": "Medical Shadowing & Outreach",
      "category": "Extracurricular",
      "collegeImpact": 4,
      "description": "Shadow a local doctor and assist with organizing community health fairs.",
      "difficulty": 4,
      "interests": "Medicine",
      "tags": ["Medicine", "Community Service", "STEM"],
      "timeCommitment": "Medium",
      "image": "https://science.oregonstate.edu/sites/science.oregonstate.edu/files/styles/2540_x_1050/public/2020-04/shadowing_and_healthcare_experience.jpg?h=e719f4d8&itok=m41IaSiM"
    },
    {
      "name": "Teen Health Channel",
      "category": "Passion Project",
      "collegeImpact": 5,
      "description": "Develop a health education YouTube channel focusing on teen wellness.",
      "difficulty": 4,
      "interests": "Medicine",
      "tags": ["Medicine", "Technology", "Education"],
      "timeCommitment": "Medium",
      "image": "https://i.ytimg.com/vi/6zjY69f87Hg/hqdefault.jpg"
    },
    {
      "name": "Peer Wellness Program",
      "category": "Passion Project",
      "collegeImpact": 5,
      "description": "Create a peer-to-peer mental health support network at school.",
      "difficulty": 5,
      "interests": "Social Sciences",
      "tags": ["Social Sciences", "Leadership", "Community Service"],
      "timeCommitment": "High",
      "image": "https://students.senecacollege.ca/attachment?file=w4haGyL%2Bk4E2P3opf5XgNQ%3D%3D"
    },
    {
      "name": "Eco Data Tracker Website",
      "category": "Extracurricular",
      "collegeImpact": 4,
      "description": "Lead a team to build a website that tracks local sustainability efforts.",
      "difficulty": 4,
      "interests": "Technology",
      "tags": ["Technology", "Research", "STEM"],
      "timeCommitment": "Medium",
      "image": "https://www.footprintnetwork.org/content/uploads/2016/10/calc-banner-fix-11200-600.jpg"
    },
    {
      "name": "Nonprofit Connect App",
      "category": "Passion Project",
      "collegeImpact": 5,
      "description": "Launch a startup connecting nonprofits with student volunteers through an app.",
      "difficulty": 5,
      "interests": "Entrepreneurship",
      "tags": ["Entrepreneurship", "Community Service", "Technology"],
      "timeCommitment": "High",
      "image": "https://connecteam.com/wp-content/uploads/2022/11/11-Top-Free-Nonprofit-Apps-You-Should-be-Using-in-2024-01-1-768x404.jpg"
    },
    {
      "name": "School Startup Incubator",
      "category": "Extracurricular",
      "collegeImpact": 4,
      "description": "Start a startup incubator at your school supporting student business ideas.",
      "difficulty": 5,
      "interests": "Entrepreneurship",
      "tags": ["Entrepreneurship", "Leadership", "Business"],
      "timeCommitment": "High",
      "image": "https://static1.gensler.com/uploads/image/10881/filename/uel-knowledge-dock_large_01_1426195743.jpg"
    },
    {
      "name": "Language Olympiad (International Linguistics)",
      "category": "Extracurricular",
      "collegeImpact": 3,
      "description": "Join a national or international language Olympiad or competition.",
      "difficulty": 3,
      "interests": "Languages",
      "tags": ["Languages", "Competition", "Humanities"],
      "timeCommitment": "Medium",
      "image": "https://ioling.org/images/thumbnail.png"
    },
    {
      "name": "TEDxYouth Organizer",
      "category": "Passion Project",
      "collegeImpact": 4,
      "description": "Organize a local TEDxYouth event featuring teen changemakers.",
      "difficulty": 5,
      "interests": "Leadership",
      "tags": ["Leadership", "Public Speaking", "Event Planning"],
      "timeCommitment": "High",
      "image": "https://i.ytimg.com/vi/0jD3I7YYLR0/maxresdefault.jpg"
    },
    {
      "name": "City Youth Advisory Council",
      "category": "Extracurricular",
      "collegeImpact": 4,
      "description": "Join a youth council that advises the city on teen-related issues.",
      "difficulty": 4,
      "interests": "Leadership",
      "tags": ["Leadership", "Law", "Service"],
      "timeCommitment": "Medium",
      "image": "https://www.orcity.org/ImageRepository/Document?documentID=12756"
    },
    {
      "name": "Social Justice Podcast",
      "category": "Passion Project",
      "collegeImpact": 5,
      "description": "Start a podcast discussing current social justice issues with student guests.",
      "difficulty": 4,
      "interests": "Social Sciences",
      "tags": ["Social Justice", "Media", "Public Speaking"],
      "timeCommitment": "Medium",
      "image": "https://slowchathealth.com/wp-content/uploads/2020/06/blog-titles-5.png?w=560"
    },
    {
      "name": "Competitive Math Team",
      "category": "Extracurricular",
      "collegeImpact": 4,
      "description": "Join a competitive math team and participate in contests like AMC and AIME.",
      "difficulty": 5,
      "interests": "STEM",
      "tags": ["STEM", "Math", "Competition"],
      "timeCommitment": "High",
      "image": "https://www.smartick.com/blog/wp-content/uploads/math.jpg"
    },
    {
      "name": "Sustainable Garden Initiative",
      "category": "Passion Project",
      "collegeImpact": 4,
      "description": "Build a community garden to promote sustainability and food justice.",
      "difficulty": 4,
      "interests": "Community Service",
      "tags": ["Environment", "Sustainability", "Service"],
      "timeCommitment": "Medium",
      "image": "https://res.cloudinary.com/drt2tlz1j/images/w_2560,h_1707,c_scale/f_auto,q_auto/v1675869470/fn1/david-clode-eL4ADAsiOR8-unsplash/david-clode-eL4ADAsiOR8-unsplash.jpg?_i=AA"
    },
    {
      "name": "Tech Ethics Blog",
      "category": "Extracurricular",
      "collegeImpact": 4,
      "description": "Write and publish a research-backed blog on tech ethics.",
      "difficulty": 4,
      "interests": "Technology",
      "tags": ["Technology", "Ethics", "Writing"],
      "timeCommitment": "Medium",
      "image": "https://www.leadingauthorities.com/sites/default/files/2019-08/ethics-in-tech-blog.details.jpg"
    },
    {
      "name": "AP U.S. Government and Politics",
      "category": "AP Class",
      "collegeImpact": 3,
      "description": "Explore political institutions, policy-making, and civic participation in the U.S.",
      "difficulty": 3,
      "interests": "Law",
      "tags": ["Politics", "Law", "Civics"],
      "timeCommitment": "Medium",
      "image": "https://i.ytimg.com/vi/Bs5VEhoKcvE/maxresdefault.jpg"
    },
    {
      "name": "AI for Climate Project",
      "category": "Passion Project",
      "collegeImpact": 5,
      "description": "Create a machine learning model that predicts climate patterns.",
      "difficulty": 5,
      "interests": "STEM",
      "tags": ["Machine Learning", "Climate", "STEM"],
      "timeCommitment": "High",
      "image": "https://ideausher.com/wp-content/uploads/2024/03/AI-InClimateChange_BenefitsAndUseCases-ezgif.com-png-to-webp-converter.webp"
    },
    {
      "name": "Youth Activism Zine",
      "category": "Passion Project",
      "collegeImpact": 5,
      "description": "Create and distribute a zine on youth activism and civic engagement.",
      "difficulty": 4,
      "interests": "Law",
      "tags": ["Politics", "Media", "Youth Voice"],
      "timeCommitment": "Medium",
      "image": "https://acrlog.org/wp-content/uploads/2020/10/IMG_4680-1024x768.jpg"
    },
    {
      "name": "Bioethics Debate Team",
      "category": "Extracurricular",
      "collegeImpact": 4,
      "description": "Participate in a bioethics debate team exploring medical ethics.",
      "difficulty": 4,
      "interests": "Medicine",
      "tags": ["Medicine", "Ethics", "Debate"],
      "timeCommitment": "Medium",
      "image": "https://oru.edu/images/news/Bioethics%20Bowl%20Team%20in%20Action.jpeg"
    },
    {
      "name": "Accessible Game Design",
      "category": "Passion Project",
      "collegeImpact": 5,
      "description": "Design an accessible educational game for children with disabilities.",
      "difficulty": 5,
      "interests": "Technology",
      "tags": ["Technology", "Inclusion", "Design"],
      "timeCommitment": "High",
      "image": "https://miro.medium.com/v2/resize:fit:2000/1*FKsH8z-046Tdb94WQlQfzg.jpeg"
    },
    {
      "name": "Environmental Policy Research",
      "category": "Extracurricular",
      "collegeImpact": 4,
      "description": "Conduct research on local environmental impact and present findings to city council.",
      "difficulty": 4,
      "interests": "Law",
      "tags": ["Environment", "Politics", "Advocacy"],
      "timeCommitment": "High",
      "image": "https://images.prismic.io/impactio-blog/08417a45-f6c4-4c47-90ad-640dbfa29d90_Shaping+Environmental+Policy+Through+Research+and+Hard+Data.png?auto=compress,format"
    },
    {
      "name": "Mental Health App",
      "category": "Passion Project",
      "collegeImpact": 5,
      "description": "Create a mobile app to support mental health in teens.",
      "difficulty": 5,
      "interests": "Medicine",
      "tags": ["Medicine", "Technology", "Health"],
      "timeCommitment": "High",
      "image": "https://i.redd.it/mental-health-app-full-practice-need-feedback-v0-7srxkllwfvbd1.jpg?width=1600&format=pjpg&auto=webp&s=ef8e8478335d48ac19f60c759006f41bf032ce0d"
    },
     {
      "category": "STEM Competitions",
      "name": "Intel International Science and Engineering Fair (ISEF)",
      "description": "The world's largest pre-college science competition. Winners receive significant recognition from top universities and often get direct recruitment. Demonstrates exceptional research ability and scientific thinking.",
      "difficulty": "Extremely High",
      "imageURL": "https://www.competitionsciences.org/wp-content/uploads/2017/07/isef_logo.png",
      "interests": ["Biology", "Chemistry", "Physics", "Engineering", "Computer Science", "Mathematics"],
      "tags": ["International", "Research", "STEM", "Competition", "Award", "Prestigious"],
      "timeCommitment": "12-18 months of intensive research and preparation"
    },
    {
      "category": "Academic Competitions",
      "name": "USA Biology Olympiad (USABO)",
      "description": "National team selection leads to international competition. Top performers often receive full scholarships to elite universities. Shows mastery of advanced biological concepts.",
      "difficulty": "Very High",
      "imageURL": "https://static.wixstatic.com/media/a9c49e_b4d0d21cc52f41f9971e770626910ee6~mv2.png/v1/fill/w_420,h_190,al_c,lg_1,q_85/a9c49e_b4d0d21cc52f41f9971e770626910ee6~mv2.png",
      "interests": ["Biology", "Medicine", "Research", "Life Sciences"],
      "tags": ["National", "Olympiad", "Biology", "Competition", "Elite"],
      "timeCommitment": "2-3 years of preparation, 6-8 hours per week"
    },
    {
      "category": "Leadership & Entrepreneurship",
      "name": "Start a Nonprofit Organization",
      "description": "Founding and successfully running a nonprofit demonstrates leadership, social impact, and organizational skills. Shows initiative and ability to create meaningful change.",
      "difficulty": "High",
      "imageURL": "https://i0.wp.com/paulbergman.org/wp-content/uploads/2023/10/non-profit.jpg?fit=900%2C675&ssl=1",
      "interests": ["Social Justice", "Community Service", "Leadership", "Business"],
      "tags": ["Leadership", "Nonprofit", "Social Impact", "Entrepreneurship"],
      "timeCommitment": "2-4 years, 10-15 hours per week"
    },
    {
      "category": "Research & Innovation",
      "name": "Simons Research Program",
      "description": "Prestigious summer research program at Stony Brook University. Participants work with PhD mentors on cutting-edge research. High publication rate and strong college placement.",
      "difficulty": "Very High",
      "imageURL": "https://static.wixstatic.com/media/a9c49e_e785cfd931b04d9ca2c0d7231570e949~mv2.webp/v1/fill/w_600,h_450,al_c,lg_1,q_80/a9c49e_e785cfd931b04d9ca2c0d7231570e949~mv2.webp",
      "interests": ["STEM Research", "Mathematics", "Computer Science", "Physics"],
      "tags": ["Research", "Summer Program", "Prestigious", "STEM", "Mentorship"],
      "timeCommitment": "7-week summer program, plus follow-up research"
    },
    {
      "category": "Writing & Journalism",
      "name": "Scholastic Art & Writing Awards",
      "description": "National competition recognizing outstanding creative work. Gold Medal winners often receive college scholarships and recognition from admissions officers.",
      "difficulty": "High",
      "imageURL": "https://www.montclairartmuseum.org/sites/default/files/2020-04/scholastic_awards_logo_rgb.png",
      "interests": ["Creative Writing", "Journalism", "Art", "Literature"],
      "tags": ["Writing", "Art", "Competition", "National", "Scholarship"],
      "timeCommitment": "6-12 months to develop portfolio"
    },
    {
      "category": "Technology & Computer Science",
      "name": "USA Computing Olympiad (USACO)",
      "description": "Premier programming competition leading to national team selection. Platinum level achievement is highly valued by top CS programs and tech companies.",
      "difficulty": "Very High",
      "imageURL": "https://i0.wp.com/junilearning.com/wp-content/uploads/2023/12/Frame_35-min.png?fit=800%2C800&ssl=1",
      "interests": ["Computer Science", "Programming", "Algorithms", "Mathematics"],
      "tags": ["Programming", "Competition", "Olympiad", "Computer Science"],
      "timeCommitment": "2-3 years of practice, 8-12 hours per week"
    },
    {
      "category": "Social Impact",
      "name": "Congressional App Challenge",
      "description": "Nationwide competition where students create apps addressing local issues. Winners are recognized by Congress and often receive congressional internships.",
      "difficulty": "Moderate to High",
      "imageURL": "https://thompson.house.gov/sites/evo-subsites/thompson.house.gov/files/featured_image/Logo%20with%20Dome%20%28Transparent%29_0.png",
      "interests": ["Computer Science", "Civic Engagement", "Social Innovation"],
      "tags": ["App Development", "Congress", "Social Impact", "Technology"],
      "timeCommitment": "3-6 months to develop and submit app"
    },
    {
      "category": "International Programs",
      "name": "United World Colleges (UWC)",
      "description": "International education program promoting cross-cultural understanding. Graduates have exceptional college placement rates and strong global networks.",
      "difficulty": "Extremely High",
      "imageURL": "https://www.uwc.org/_site/data/images/news/823/main-UWC_International_Secondary_RGB_screen.jpg",
      "interests": ["International Relations", "Cultural Exchange", "Global Issues"],
      "tags": ["International", "Scholarship", "Cultural Exchange", "Elite"],
      "timeCommitment": "2-year program (grades 11-12)"
    },
    {
      "category": "Mathematics",
      "name": "American Mathematics Competitions (AMC/AIME/USAMO)",
      "description": "Progression through AMC 10/12, AIME, and USAMO demonstrates exceptional mathematical ability. USAMO qualification is highly prestigious for STEM programs.",
      "difficulty": "Very High",
      "imageURL": "https://static.wixstatic.com/media/978144_4daf6eb7764e4b87820d7fbdeb17b6ed~mv2.png/v1/fill/w_568,h_388,al_c,q_85,usm_0.66_1.00_0.01,enc_avif,quality_auto/978144_4daf6eb7764e4b87820d7fbdeb17b6ed~mv2.png",
      "interests": ["Mathematics", "Problem Solving", "Logic"],
      "tags": ["Mathematics", "Competition", "Olympiad", "STEM"],
      "timeCommitment": "2-4 years of preparation, 5-10 hours per week"
    },
    {
      "category": "Business & Economics",
      "name": "DECA International Competition",
      "description": "Premier business competition with international recognition. Top performers often receive business school scholarships and internship opportunities.",
      "difficulty": "High",
      "imageURL": "https://cdn.prod.website-files.com/635c470cc81318fc3e9c1e0e/639a016311dd593fdc86f9ef_DECA%20Logo%20Stack%20Blue.png",
      "interests": ["Business", "Marketing", "Finance", "Entrepreneurship"],
      "tags": ["Business", "Competition", "Leadership", "International"],
      "timeCommitment": "1-2 years, 6-8 hours per week during season"
    },
    {
      "category": "Arts & Performance",
      "name": "National YoungArts Foundation",
      "description": "Prestigious arts competition providing mentorship and performance opportunities. Winners often receive full scholarships to top arts programs.",
      "difficulty": "Very High",
      "imageURL": "https://encrypted-tbn0.gstatic.com/images?q=tbn:ANd9GcQxIhlnJ2anVsZGBYx4Dg6D8jntRcN8lqD7LQ&s",
      "interests": ["Visual Arts", "Music", "Theater", "Dance", "Creative Writing"],
      "tags": ["Arts", "Competition", "Mentorship", "Scholarship"],
      "timeCommitment": "2-3 years to develop portfolio/performance"
    },
    {
      "category": "Model UN & Debate",
      "name": "Harvard Model United Nations",
      "description": "Premier international Model UN conference. Best delegate awards demonstrate exceptional public speaking, negotiation, and international relations knowledge.",
      "difficulty": "High",
      "imageURL": "https://encrypted-tbn0.gstatic.com/images?q=tbn:ANd9GcTWkk_RAsNsM3UJ8LEeMX9wAiMN-wKxpqgwBA&s",
      "interests": ["International Relations", "Politics", "Public Speaking", "Debate"],
      "tags": ["Model UN", "International", "Harvard", "Debate"],
      "timeCommitment": "1-2 years preparation, weekend conference"
    },
    {
      "category": "Environmental Science",
      "name": "Environmental Challenge from National Geographic",
      "description": "Students develop solutions to environmental problems. Winners receive mentorship from National Geographic explorers and significant media coverage.",
      "difficulty": "High",
      "imageURL": "https://example.com/natgeo-challenge.jpg",
      "interests": ["Environmental Science", "Conservation", "Geography", "Sustainability"],
      "tags": ["Environment", "National Geographic", "Challenge", "Sustainability"],
      "timeCommitment": "4-6 months to develop project"
    },
    {
      "category": "Medicine & Health",
      "name": "Health Occupations Students of America (HOSA)",
      "description": "National competition in health sciences. Winners demonstrate readiness for medical careers and often receive recognition from medical schools.",
      "difficulty": "Moderate to High",
      "imageURL": "https://www.ctsos.org/wp-content/uploads/2013/04/HOSA-Rebrand-Logo-Standard-med-res.jpg",
      "interests": ["Medicine", "Health Sciences", "Biology", "Nursing"],
      "tags": ["Medical", "Health", "Competition", "Career Preparation"],
      "timeCommitment": "1-2 years, 4-6 hours per week"
    },
    {
      "category": "Community Service",
      "name": "Presidential Volunteer Service Award",
      "description": "Federal recognition for outstanding community service. Gold level (250+ hours) demonstrates sustained commitment to service and leadership.",
      "difficulty": "Moderate",
      "imageURL": "https://firstintexas.org/wp-content/uploads/2023/07/FIRST-in-Texas-Volunteer-Service-Award.jpeg",
      "interests": ["Community Service", "Volunteering", "Social Impact"],
      "tags": ["Service", "Presidential", "Award", "Community"],
      "timeCommitment": "1-2 years, 250+ hours of service"
    },
    {
      "category": "History & Social Studies",
      "name": "National History Day Competition",
      "description": "National competition requiring deep historical research and presentation skills. Winners demonstrate advanced analytical and research abilities.",
      "difficulty": "High",
      "imageURL": "https://example.com/nhd-logo.jpg",
      "interests": ["History", "Research", "Social Studies", "Writing"],
      "tags": ["History", "Research", "Competition", "Academic"],
      "timeCommitment": "8-12 months for research and preparation"
    },
    {
      "category": "Language & Culture",
      "name": "National Spanish Examinations",
      "description": "National language proficiency competition. Gold medal winners demonstrate exceptional language skills valued by international programs.",
      "difficulty": "Moderate to High",
      "imageURL": "https://encrypted-tbn0.gstatic.com/images?q=tbn:ANd9GcToA6o6sMOKfkfzOxENzNvYUQzc8VmgOtiuCQ&s",
      "interests": ["Spanish Language", "Culture", "International Studies"],
      "tags": ["Language", "Spanish", "Competition", "Cultural"],
      "timeCommitment": "2-3 years of language study"
    },
    {
      "category": "Innovation & Invention",
      "name": "Invention Convention Worldwide",
      "description": "Global invention competition encouraging innovation and entrepreneurship. Winners often receive patent support and recognition from engineering schools.",
      "difficulty": "High",
      "imageURL": "https://yt3.googleusercontent.com/iQvZqsGg0ERTRPh9JL0IPRST0LYgZpFltatcnhWNpN26NUlMWTsPRmSjuduEuBpvnMlQDGFV=s900-c-k-c0x00ffffff-no-rj",
      "interests": ["Engineering", "Innovation", "Entrepreneurship", "Problem Solving"],
      "tags": ["Invention", "Innovation", "Engineering", "Global"],
      "timeCommitment": "6-12 months to develop invention"
    },
    {
      "category": "Public Speaking",
      "name": "Tournament of Champions (TOC) Debate",
      "description": "Premier high school debate tournament. Qualification demonstrates elite-level argumentation and public speaking skills highly valued by top universities.",
      "difficulty": "Extremely High",
      "imageURL": "https://images.squarespace-cdn.com/content/v1/62da6277734459708683c964/8e723d9c-2d23-4aff-9abc-ebe5508bbb61/TOC+LOGO+FINAL+REAL.jpeg",
      "interests": ["Debate", "Public Speaking", "Critical Thinking", "Law"],
      "tags": ["Debate", "Tournament", "Elite", "Public Speaking"],
      "timeCommitment": "3-4 years, 15-20 hours per week"
    },
    {
      "category": "Digital Innovation",
      "name": "Google Science Fair",
      "description": "Global online science competition for students. Winners receive mentorship from Google scientists and significant scholarship opportunities.",
      "difficulty": "Very High",
      "imageURL": "https://storage.googleapis.com/gweb-uniblog-publish-prod/original_images/Launch_2880x1200_1440x720.gif",
      "interests": ["Science", "Technology", "Research", "Innovation"],
      "tags": ["Google", "Science", "Global", "Technology"],
      "timeCommitment": "6-12 months for research project"
    },
    {
      "category": "Publishing & Media",
      "name": "Start and Lead a School Publication",
      "description": "Creating and leading a school newspaper, magazine, or digital publication demonstrates leadership, writing skills, and media literacy.",
      "difficulty": "Moderate to High",
      "imageURL": "https://blog.pressreader.com/hubfs/media-literacy-concept.jpg",
      "interests": ["Journalism", "Writing", "Media", "Leadership"],
      "tags": ["Publishing", "Leadership", "Media", "Writing"],
      "timeCommitment": "2-3 years, 8-12 hours per week"
    },
    {
      "category": "Policy & Government",
      "name": "Congressional Youth Cabinet",
      "description": "Selective program where students work directly with members of Congress on policy issues. Provides unique government experience and networking.",
      "difficulty": "Very High",
      "imageURL": "https://mhobserver.com/wp-content/uploads/2025/04/boozman-kids.jpg",
      "interests": ["Government", "Policy", "Politics", "Public Service"],
      "tags": ["Government", "Congress", "Policy", "Youth"],
      "timeCommitment": "1-year program, 10-15 hours per week"
    },
    {
      "category": "STEM Outreach",
      "name": "Create STEM Education Program",
      "description": "Developing and implementing STEM education programs for younger students demonstrates teaching ability, subject mastery, and commitment to education.",
      "difficulty": "Moderate to High",
      "imageURL": "https://ieeephotonics.org/wp-content/uploads/2023/10/shutterstock_411033046-1024x683.jpg",
      "interests": ["STEM", "Education", "Teaching", "Community Service"],
      "tags": ["STEM", "Education", "Teaching", "Outreach"],
      "timeCommitment": "1-2 years, 5-8 hours per week"
    }
    ]

